oblast,raion
Cherkaska oblast,Cherkaskyi raion
Cherkaska oblast,Umanskyi raion
Cherkaska oblast,Zolotoniskyi raion
Cherkaska oblast,Zvenyhorodskyi raion
Chernihivska oblast,Chernihivskyi raion
Chernihivska oblast,Koriukivskyi raion
Chernihivska oblast,Nizhynskyi raion
Chernihivska oblast,Novhorod-Siverskyi raion
Chernihivska oblast,Prylutskyi raion
Chernivetska oblast,Chernivetskyi raion
Chernivetska oblast,Dnistrovskyi raion
Chernivetska oblast,Vyzhnytskyi raion
Dnipropetrovska oblast,Dniprovskyi raion
Dnipropetrovska oblast,Kamianskyi raion
Dnipropetrovska oblast,Kryvorizkyi raion
Dnipropetrovska oblast,Nikopolskyi raion
Dnipropetrovska oblast,Pavlohradskyi raion
Dnipropetrovska oblast,Samarivskyi raion
Dnipropetrovska oblast,Synelnykivskyi raion
Donetska oblast,Bakhmutskyi raion
Donetska oblast,Donetskyi raion
Donetska oblast,Horlivskyi raion
Donetska oblast,Kalmiuskyi raion
Donetska oblast,Kramatorskyi raion
Donetska oblast,Mariupolskyi raion
Donetska oblast,Pokrovskyi raion
Donetska oblast,Volnovaskyi raion
Ivano-Frankivska oblast,Ivano-Frankivskyi raion
Ivano-Frankivska oblast,Kaluskyi raion
Ivano-Frankivska oblast,Kolomyiskyi raion
Ivano-Frankivska oblast,Kosivskyi raion
Ivano-Frankivska oblast,Nadvirnianskyi raion
Ivano-Frankivska oblast,Verkhovynskyi raion
Kharkivska oblast,Bohodukhivskyi raion
Kharkivska oblast,Chuhuivskyi raion
Kharkivska oblast,Iziumskyi raion
Kharkivska oblast,Kharkivskyi raion
Kharkivska oblast,Krasnohradskyi raion
Kharkivska oblast,Kupianskyi raion
Kharkivska oblast,Lozivskyi raion
Khersonska oblast,Beryslavskyi raion
Khersonska oblast,Henicheskyi raion
Khersonska oblast,Kakhovskyi raion
Khersonska oblast,Khersonskyi raion
Khersonska oblast,Skadovskyi raion
Khmelnytska oblast,Kamianets-Podilskyi raion
Khmelnytska oblast,Khmelnytskyi raion
Khmelnytska oblast,Shepetivskyi raion
Kirovohradska oblast,Holovanivskyi raion
Kirovohradska oblast,Kropyvnytskyi raion
Kirovohradska oblast,Novoukrainskyi raion
Kirovohradska oblast,Oleksandriiskyi raion
Kyivska oblast,Bilotserkivskyi raion
Kyivska oblast,Boryspilskyi raion
Kyivska oblast,Brovarskyi raion
Kyivska oblast,Buchanskyi raion
Kyivska oblast,Fastivskyi raion
Kyivska oblast,Obukhivskyi raion
Kyivska oblast,Vyshhorodskyi raion
Lvivska oblast,Chervonohradskyi raion
Lvivska oblast,Drohobytskyi raion
Lvivska oblast,Lvivskyi raion
Lvivska oblast,Sambirskyi raion
Lvivska oblast,Stryiskyi raion
Lvivska oblast,Yavorivskyi raion
Lvivska oblast,Zolochivskyi raion
Mykolaivska oblast,Bashtanskyi raion
Mykolaivska oblast,Mykolaivskyi raion
Mykolaivska oblast,Pervomaiskyi raion
Mykolaivska oblast,Voznesenskyi raion
Odeska oblast,Berezivskyi raion
Odeska oblast,Bilhorod-Dnistrovskyi raion
Odeska oblast,Bolhradskyi raion
Odeska oblast,Izmailskyi raion
Odeska oblast,Odeskyi raion
Odeska oblast,Podilskyi raion
Odeska oblast,Rozdilnianskyi raion
Poltavska oblast,Kremenchutskyi raion
Poltavska oblast,Lubenskyi raion
Poltavska oblast,Myrhorodskyi raion
Poltavska oblast,Poltavskyi raion
Rivnenska oblast,Dubenskyi raion
Rivnenska oblast,Rivnenskyi raion
Rivnenska oblast,Sarnenskyi raion
Rivnenska oblast,Varaskyi raion
Sumska oblast,Konotopskyi raion
Sumska oblast,Okhtyrskyi raion
Sumska oblast,Romenskyi raion
Sumska oblast,Shostkynskyi raion
Sumska oblast,Sumskyi raion
Ternopilska oblast,Chortkivskyi raion
Ternopilska oblast,Kremenetskyi raion
Ternopilska oblast,Ternopilskyi raion
Vinnytska oblast,Haisynskyi raion
Vinnytska oblast,Khmilnytskyi raion
Vinnytska oblast,Mohyliv-Podilskyi raion
Vinnytska oblast,Tulchynskyi raion
Vinnytska oblast,Vinnytskyi raion
Vinnytska oblast,Zhmerynskyi raion
Volynska oblast,Kamin-Kashyrskyi raion
Volynska oblast,Kovelskyi raion
Volynska oblast,Lutskyi raion
Volynska oblast,Volodymyr-Volynskyi raion
Zakarpatska oblast,Berehivskyi raion
Zakarpatska oblast,Khustskyi raion
Zakarpatska oblast,Mukachivskyi raion
Zakarpatska oblast,Rakhivskyi raion
Zakarpatska oblast,Tiachivskyi raion
Zakarpatska oblast,Uzhhorodskyi raion
Zaporizka oblast,Berdianskyi raion
Zaporizka oblast,Melitopolskyi raion
Zaporizka oblast,Polohivskyi raion
Zaporizka oblast,Vasylivskyi raion
Zaporizka oblast,Zaporizkyi raion
Zhytomyrska oblast,Berdychivskyi raion
Zhytomyrska oblast,Korostenskyi raion
Zhytomyrska oblast,Zhytomyrskyi raion
Zhytomyrska oblast,Zviahelskyi raion
